Name,Blogs,Collection ID,Locale ID,Item ID
Business,"Eight Steps to Creating a Loyalist Team,Performance Partnerships — Author Interview with Robert Glazer,The hottest books we’re reading this summer,5 steps for setting an intention,Are You Leading with Open-Minded Conversations?,Where Do Great Ideas Come From?,Why employee engagement is no longer enough,How Your Business Can Conquer the Competition by Challenging Everything,2011: Shipped,2015 Ship List,A reminder on criticism,A Thought on Mentorship,A time out… sort of.,Accessibility,""Are you a connector, maven, or salesperson?"",Author Interviews: From the archives.,Being available,Boxes (and you in them),Celebrating 1000 Summaries!,Clean your clock,Connectivity,Consumers or Participants?,Create,Customer Service,Dan Ariely says we should get close,Different with Purpose,Double vision,Every business is a lifestyle business,@Garyvee: The most quotable guy on the conference circuit,Gladwellian,Grazing,Hello?  Is it me you’re looking for?,I have a question,It doesn’t matter what we think,Jim Collins overload,Last Chance,Leadership from General Rick Hillier (take 2),Less is more,""Lessons from Wayne Lee, the hypnotist"",Let’s make a difference,""Medicine, Science, and the Book Guy"",Mind (and business) like water,New Semester,Next time,Online Trust:  You only get one shot,Opportunities to dazzle,Our new playground,People Naturally Like David,Persistence is one thing,Perspective,Playing in harmony,Re-framing,Read Something Else,Where did you get your REAL education?,""Red Rover, Red Rover"",Reflect Visualize Plan,Riding the line,The sweet spot of risk,Saying Hello,The Ease of Stereotyping,The Evolution of Actionable,The First One’s Free,The Second New Years,The upside to cutting corners…,Top Picks of 2011,Two rules,Un-scaleability,""Welcome, Andy &amp; Best wishes, Lindsay"",We’re hiring,What Do You Do?,When are they a customer?,""#YearinReview, as inspired by Seth"",3 Ways to Manage Your Time Sustainably,The Purpose of Work,What Exactly is Collaboration?,5 Counterintuitive Productivity Improvements (That Worked!),""Keep the Work Ethic, Lose the Perfectionism"",Speak Up! Getting the Most from Multicultural Teams,See the World Through the Eyes of Others,Training to remember,Unicorn Hunting in the 21st Century,Why you’re not good at making decisions,Write A Successful Grant Proposal (An Actionable Blueprint),New Job? Time for New Time Management!,How to Identify Your Leadership Secret Sauce in Less Than 20 Minutes,The 4 people you need to supercharge your career,How to Give a Professional Toast Without Getting Burned,3 Counterintuitive Lessons Artists Can Teach Entrepreneurs,""Want to Manage Stress Better? Learn to Slow Down, Shift and Recharge"",6 Actionable Steps to Get the Most out of LinkedIn,Re-Write Your Selling ABCs,The Unintended Consequences of Managing Performance,How to Avoid Spontaneous Management Combustion,Making Traction actionable,12 Ways to Get Results Without Losing Your Soul,Communicate Like a Leader — Author Interview with Dianna Booher,Courageous Leadership — Author Interview with Angela Sebaly,Forging Resilient Business Relationships in the Heat of Change — Author Interview with Michael Papanek,How to Unfu*k Yourself — Author Interview with Gary John Bishop,Insight — Author Interview with Tasha Eurich,The Actionable Interview with Billee Howard,The Actionable Interview with Marie Perruchet,The Performance Principle — Author Interview with Mackenzie Kyle,Virtue Buzz Anyone?,3 Actionable Leadership Habits That Get Results,Developing deep diversity by harnessing the nine learning styles,Actionable Leadership Development Workshop,The best way to land new customers? Serve Before You Sell,Why Confidence is More Important than Creativity,Notice What You See and Be a Hero at Work,Focus on the Right Rules to Build A High-Performing Team,Essential Tips for Women Aspiring to Executive Positions,How to ensure your business has the right meeting rhythm,Winning the Brain Game,Three Provocative Questions to Make the Most of Your 2016,Empathy: Three Steps to Managing Difficult Workplace Relationships,The secret to good branded content,How To Add An Hour To The Day With Only One Small Change,The dangers of not embracing your onlyness,How to Manufacture Desire,2016 Reading Challenge Check-in,2016 Reading Challenge,Winter’s top 3 most anticipated new books,Actionable Books Live!,August Reader’s Choice Winner!,""BESTSELLER FRIDAYS – April 13, 2012"",""BESTSELLER FRIDAYS – April 20, 2012"",""BESTSELLER FRIDAYS – April 27, 2012"",""BESTSELLER FRIDAYS – August 10, 2012"",""BESTSELLER FRIDAYS August 17, 2012"",""BESTSELLER FRIDAYS August 24, 2012"",""BESTSELLER FRIDAYS – December 7, 2012"",""BESTSELLER FRIDAYS – July 13, 2012"",""BESTSELLER FRIDAYS – July 27, 2012"",""BESTSELLER FRIDAYS – July 6, 2012"",""BESTSELLER FRIDAYS – June 1, 2012"",""BESTSELLER FRIDAYS – June 15, 2012"",""BESTSELLER FRIDAYS – June 22, 2012"",""BESTSELLER FRIDAYS – June 29, 2012"",""BESTSELLER FRIDAYS – June 8, 2012"",""Bestseller Fridays – March 16, 2012"",""BESTSELLER FRIDAYS – March 23, 2012"",""BESTSELLER FRIDAYS – March 30, 2012"",""Bestseller Fridays – March 9, 2012"",""BESTSELLER FRIDAYS – May 11, 2012"",""BESTSELLER FRIDAYS – May 18, 2012"",""BESTSELLER FRIDAYS – May 25, 2012"",""BESTSELLER FRIDAYS – May 4, 2012"",""BESTSELLER FRIDAYS – November 16, 2012"",""Bestseller Fridays – November 2, 2012"",""BESTSELLER FRIDAYS – November 23, 2012"",""BESTSELLER FRIDAYS – November 9, 2012"",""BESTSELLER FRIDAYS – October 19, 2012"",""Bestseller Fridays – October 26, 2012"",""BESTSELLER FRIDAYS – October 5, 2012"",""BESTSELLER FRIDAYS – September 14, 2012"",""BESTSELLER FRIDAYS – September 21, 2012"",""BESTSELLER FRIDAYS – September 28, 2012"",Celebrating our all-stars,Charisma Styles,Cheating on my Kindle,Client Showcase: The Shepherd Group,Actionable Business Book Club Contest,Creating an Optimistic Workplace — Interview with Shawn Murphy,Do you eat business books for breakfast?,Double the fun,Embracing the F word,Everyone’s a critic,Fall’s top 5 most anticipated new books,Getting more done in less time,Going Over to the Dark Side,Help us choose our next book!,How to become your best,How to coach like Michael Bungay Stanier,How to get the most out of your reading,How to lead the Simon Sinek way,How to read more this summer,How to stay ahead of the competition,Interview with Quotica’s Gabriel Tomescu,Introducing Joel D Canfield,Introducing Prashanth Gopalan,Introducing Rex Williams,Job sharing,July Calendar,June Calendar,Luring you back into bookstores… with wine,Martha and Her Consumers,My Love Affair with Kindle,""New Release Tuesdays – November 15, 2011"",""New Release Tuesdays – November 22, 2011"",""New Release Tuesdays – November 8, 2011"",New Release Tuesdays,New Release Tuesdays,Readers’ Choice – October,Our favourite books of 2015,Our Top 10 Summaries of 2015,Our top 4 most anticipated books for Spring,Q&amp;A with Jeff Ryan,Q&amp;A with Laurence Vincent,Q&amp;A with Patrick Lencioni,Reader’s Choice – September,Readers’ Choice – April,Readers’ Choice – April,Readers’ Choice – August,Reader’s Choice – August,Readers’ Choice – December,Readers’ Choice – December,Readers’ Choice – February,Readers’ Choice – January,Readers’ Choice – January,Readers’ Choice – July,Readers’ Choice – June,Readers’ Choice – March,Readers’ Choice – November,Readers’ Choice – October,Readers’ Choice – September,Readers’ Choice – November,Reintroducing #BizBkChat,The Actionable Interview with Patrick Lencioni,The Art of Good Customer Service,The Best of Bo Burlingham,The best of Daniel Pink,The Best of Patrick Lencioni,The Best of the Coveys,The importance of asking questions,The very best of Malcolm Gladwell,What Harper Lee taught us,The Wisdom of Seth Godin,Want FREE Business Books?,What we’re reading this summer,What’s Happening: October,Why any true book lover should create a book bucket list,Your Summer Reading List,""BESTSELLER FRIDAYS – September 7, 2012"",3 ways senior teams can change their behavior and accelerate performance,Building a Platform to Boost Your Career,""Be a Human, Not a Robot — Author Interview with Mark LeBusque"",Dispatches from the Actionable Universe,""Hot Topics — Our Best Books, Posts, &amp; Podcasts From 2016"",Can you prove how well your organization is performing?,Four Ways to Immediately Change Behaviors and Enhance Influence,How to Become a Modern Day Inventor,The Company Culture Needed for Software Outsourcing 2.0,5 Crucial Books — A SnapShot Of The Entrepreneurial Canon,Consensus Age Selling: 5 ‘Collective Learning’ Habits to Win Consensus – and Close the Deal,""Replicate “The Oscar Effect” to Improve Performance, Output, and Cultivate a Self-motivated Workforce""",65d766ca32a772c90c54f6b4,65d339a75013d9bea848c5ee,65d767e9168227f6b2ecd663
Business Book Author Interviews,"""An app can’t fill the void, with Scott Stratten"",Gary Vaynerchuk: Crushing It,""How the World Sees You, with Sally Hogshead"",Jeanne Bliss: Chief Customer Officer,Leadership and trust with Simon Sinek,Lewis Schiff on Business Brilliant,Mitch Joel: Escaping Purgatory,""Nothing New In Sales, with Jeffrey Gitomer"",Redefining Creativity with David Burkus,Scaling Excellence with Robert Sutton,Seth Godin:  “Fail or you’re fired”,Sir Ken Robinson: Intelligence and Engagement,Steve Farber – Extreme Leadership,""The How and Why of Predictable Success, with Les McKeown"",""The subtle influences on our decisions, with Adam Alter"",Seth Godin: The Linchpin Sessions,Dan Heath: Making Change Stick,Andy Nulman: Just for Laughs,Roger Martin: Mastery &amp; Innovation,Robin Sharma:  Leadership on any Level,Simon Sinek: Starting with Why,Gina Mollicone-Long (pt2): The Science Behind the Secret,Gina Mollicone-Long (pt1): The Science Behind the Secret,Max Lenderman: Marketing to Humans,Sally Hogshead: Witchcraft and Marketing,Dan Pink:  Pink inc. world headquarters,The Entrepreneur’s Book of Actions — Author Interview with Rhett Power,Find Your Spark — Author Interview with Angie Moran,Get To Aha! Author Interview with Andy Cunningham,Managing Up: Author Interview with Mary Abbajay,Never Stop Learning: Author Interview with Bradley R. Staats,The Book of Mistakes: Author Interview with Skip Prichard,The Right — And Wrong — Stuff: Author Interview with Carter Cast,Type R: Transformative Resilience for Thriving in a Turbulent World — Author Interview with Ama and Stephanie Marston,Sheena Iyengar: All About Choice,Cameron Herold: It’s only 26% x 3,Chester Elton: Change or Die,""Gary Vaynerchuk: Less Talking, More Doing"",Gina Mollicone-Long: Accelerating the Change Process,Michael Bungay Stanier: Doing Great Work,Mitch Joel: “Squiggly Careers = Happiness”,Nilofer Merchant: Avoiding the Air Sandwich,Patrick Lencioni: Slow Down to Speed Up,Patrick Lencioni: The Value of Vulnerability,Chip Conley: Reaching the Peak,""Roger Martin: All Bets Are Off (or should be, at least)"",Bryan Pearson: Scaling Back Data Greed,Stephen Shapiro: Cultures of Innovation,Susan Cain: Embracing the Quiet,Ted Matthews: Brand Starts with Culture,Tim Sanders: True Wealth,Recipes for Thoughtful Leadership and Healthy Culture — Author Interview with Bonnie Sussman-Versace,Visioning — Author Interview with Glenn A. Williams",65d766ca32a772c90c54f6b4,65d339a75013d9bea848c5ee,65d767e9c2a1cc7387b3b1fb
Effective Communication,"Alignment or Agreement?,Are you feeling me?,Ask ratios,Authentically fresh,Best in Class,Breaking B(re)ad,Why bringing (real) value brings long term clients,Can I ask your advice?,Clarifying Buckets,Closing Loops (part 2),Collaboration Mindset,Degrees of Separation,Dialogue,Doing it right,Family,How Would You Sell It?,It’s the little things,Leadership Models &amp; Settlers of Catan,Master or Student,Moving through a stalemate,Prep Time,Secret Sauce,Sometimes it’s just cool.,Stepping Back,Stop pumping opinions,Talk about it,The 4 steps to building an engaged team,The death of managerial reacting,The Polishing Dance,What are you paying for?,What’s your anthem?,You know what you should do?,Your car’s going to the shop,Your voice,Real leaders don’t change diapers,Turn the dreaded Performance Review into an Engagement Tool,How to Communicate to Influence—Even if You’re Terrified of Public Speaking",65d766ca32a772c90c54f6b4,65d339a75013d9bea848c5ee,65d767e9e16fd65f3c445042
Employee Development,"The truth about working from home,Neatly packaged,Room to breathe,The ubiquity of leadership,What Women Want (and other people too),Why now?  Why like this?,Retaining and Engaging Top Performers with Career Management,What I learned from a purple cow,The real reasons why millennials are leaving your business",65d766ca32a772c90c54f6b4,65d339a75013d9bea848c5ee,65d767e911386c7010d93f9a
Innovative Thinking,"52 changes,And then there was that,Basecamp chooses culture over ( short term) profit,Benefits of the unknown,Beta Mindset,Blind Application,Books (and people) you don’t love,Built to Last,Companies don’t evolve,Creating a masterpiece,Do something with it,Ego &amp; Focus,Fresh eyes,""Growth is really, really, really hard."",Inclusion vs Perfection,Inputs and outputs,It’s going to happen,Learning in context,Move.,Picket Fences,Programming the Heart (Entrepreneur Interview),Pursuing Paradise,Reactions to new,Scaling (while maintaining your sanity),Starting something new,Taking the Leap,The 10x Question,The Blend,The inner sanctum of Chapter Three,The Right Time,The Third Dimension,Those that Do,Triggering New Year’s,What kind of work are you doing in 2014?,You Don’t Have to be Working,You never know,Your most precious commodity,You’re so lucky,How to Disrupt Yourself,Marketing with Strategic Empathy — Author Interview with Claire Brooks",65d766ca32a772c90c54f6b4,65d339a75013d9bea848c5ee,65d767eaba621abf6d530d00
Leadership,"It’s Your Time to Adopt A 21st Century Leadership Mindset,50 shades of transparency,A Founder’s Perspective,Achieving Leadership,Activities or Objectives,“and” or “or”?,Avoiding Meeting Stew,Being the hero,Challenger Employees,Create Something Exceptional,""Direction, not Directions"",Do You Like Your Team?,Entitledness,Exponential Opportunity,Five Years,For the trees,How Brave Are You Feeling?,Icon of an era,Influence vs control,It all started 160 years ago (give or take),It’s rarely about the content,Just a reminder,Lead ’em like they don’t get paid,Leadership is a conversation,Leading where?,Mass Accountability,""If it comes from GE, it must be true"",My favorite 7 thinkers on business growth,My way or the highway,One plus One,Our people,Planning to plan,Quiet Support,Reflecting Forward,Smart vs Healthy,Standing on the shoulders of giants,The balance between Ego and Humility,The immortal Dilbert,The Power of a PC,The question,The ROI of Employee Engagement,The subtle challenges of taking your eye off the ball,""Theories, Beliefs or Values?"",There’s no point in trying to teach creativity,Thoughts on Consensus,Tinted Transparency,Unusual sources,Virtual Teams,What are you bringing to the table?,When old meets new,Why?,Wide or deep?,Win the top 10 books of 2014,Your noble work,The Gen Y Job Interview Challenge,The Enduring Value of Developing a Coaching Habit",65d766ca32a772c90c54f6b4,65d339a75013d9bea848c5ee,65d767e91b8e928408cf031f
Meet Our Actionable Team,"A new addition to the Actionable Family,Actionable Books – 2014 at a glance,Passive or Active Engagement,Introducing Parin Patel,Love and Respect,Milestones,Our people,Strength in numbers,Sub-tribes,Ideas over identity.  And a new podcast.,The Full Monty,What’s with the Goose?,Where do you connect?,Introducing Actionable Consultant Bev Bourque,Introducing Actionable Consultant Parin Patel,Introducing Jakob Browning,Introducing Jill Donahue!,Introducing Vanessa Chase,The Actionable Questionnaire with Bill Stadick,The Actionable Questionnaire with Dianne Coppola,The Actionable Questionnaire with Ingrid Urgolites,The Actionable Questionnaire with Justin Gasbarre,The Actionable Questionnaire with Karina Mikhli,The Actionable Questionnaire with Ryan Long,Make it Actionable,Please Allow Me to Introduce Myself",65d766ca32a772c90c54f6b4,65d339a75013d9bea848c5ee,65d767e9e4476685237ca1a9
Role and Culture Fit,"Companions or plot devices?,Nothing matters until they feel they do: Top books on culture fit,The eye of the storm,Three elements of a tribe,What we can learn from startup culture,""Your job, in four-dimensions""",65d766ca32a772c90c54f6b4,65d339a75013d9bea848c5ee,65d767e949f92eed0d60a4f4
Salaried Entrepreneur,"""A Fresh Start, a New Focus"",Caution:  Effort Required,Lessons from Hollywood,Making mistakes,Q&amp;A I recently hosted re. “The Actionable Literacy Project”,Revisiting the Flywheel Effect,The Box is Dead.  Long Live the Box!,The Daily Decision,The Salaried Entrepreneur mindset,The tools to create,Layering on “The Tribe”,three hundred and sixty five,10% Entrepreneur — Author Interview with Patrick J. McGinnis",65d766ca32a772c90c54f6b4,65d339a75013d9bea848c5ee,65d767e9b4b0fbe7e909898c
Self Management,"6 degrees?,70% capacity,Cautious Optimism,Check in,Closing Loops (part 1),Dead Until Further Notice,Enter the Danger,Evaporation,Getting Away,I’ll be whoever you want me to be,“I’m a great number 2”,Inertia &amp; momentum,Lessons from 2013’s Top Summaries,Surfing September,Tech tools for time management (and beyond),Totally Tapped Out,When time-hacking breaks down,Write the boss a letter,You can do anything,Want to Change Your Life? The Only Thing Stopping You Is You,Elite Minds — Author Interview with Dr. Stan Beecham,Screen Apnea 101,Our best career hacks,Our top 5 time management tips,3 Books for Effective Behavior Change,4 Books I Can’t Wait to Read,Author Profile — Daniel Pink,Beyond Books—Our Favorite Actionable Content,""David Burkus Wants To Help You Work Smarter, Not Harder""",65d766ca32a772c90c54f6b4,65d339a75013d9bea848c5ee,65d767e945e9bf48a8b5c881
Team Optimization,"Are you counting the raw material?,Asking the right question,Balance is Antiquated,Business Glasses,Culture Fit… Whatever that means,Customers and Employees,Deliberateness,""Dignity, not equality"",Drag the line,Both ends of the focus spectrum,“I’m an Entrepreneur that actually executes”,""“I’m not a businessman.  I’m a business, man.”"",Imogen Heap,It’s time to quit,Just Listen Faster,Like Magic,No Flat Edges,Phoning it in,Please Enter Your Occupation,""Priorities #1, 1 and 1"",Problem Solving or Feature Pushing?,Resistance or Insight?,Resolutions: Doomed from the start,Spring Cleaning,The long play,The stresses we choose,The team that eats together,Too many choices?,Vanity Metrics,What are you doing?,When You Over Commit,Working with what you’ve got (and understanding your priorities),You chose this.  Now enjoy it!,""Creating Connection, Community and Compassion at Work""",65d766ca32a772c90c54f6b4,65d339a75013d9bea848c5ee,65d767e9cb612c9ddfa1f921