Name,Summaries,Summaries copy
Business,,
Employee Development,,
Leadership,"7 Lenses,A Full Cup,Abundance,Accountability,""Act Like a Leader, Think Like a Leader"",Activate Leadership,All I Know About Management I Learned From My Dog,Bad Leadership,Becoming a Category of One,Becoming a Coaching Leader,Becoming the Best,Being Human,Being the Boss,Best Practices Are Stupid,Bet on Me,Blue Ocean Strategy,Breaking the Fear Barrier,Built to Sell,Bury My Heart at Conference Room B,Business Stripped Bare,Chess Not Checkers,Chief Customer Officer 2.0,Confessions of a Reformed Control Freak,Contagious Culture,Courage to Execute,Creative People Must Be Stopped,""Creativity, Inc."",Daring & Disruptive,Deep Change,Developing the Leader Within You – Part 2,Developing the Leader Within You – Part I,Digital Leader,Disney U,Doing the Right Things Right,Ego Free Leadership,Elon Musk,Employee Engagement 2.0,EntreLeadership,Execution,Extreme Ownership,FAST,Fearless At Work,Fearless HR,Fearless Leadership,Financial Intelligence for Entrepreneurs,""First, Break All the Rules"",Flat Army,Flying Solo,Freakonomics,Gamestorming,Getting Beyond Better,Getting Change Right,Getting Real,""Good Boss, Bad Boss"",Good Strategy Bad Strategy,Great CEOs and How They Are Made,Greater Than Yourself,Gung Ho!,Hacking Leadership,Hannibal and Me,Hatching Twitter,How the Mighty Fall,How to Win at the Sport of Business,Human Sigma,Humanize,Innovation and Entrepreneurship,Inside Apple,Inspiring Courageous Leaders,Integrity,Invisible Influence,It’s Not About the Coffee,""It’s NOT All About You, It’s About the Company You Keep"",I’ve Got Your Back,Jack: Straight from the Gut,Jony Ive: The Genius Behind Apple’s Greatest Products,""Joy, Inc."",Judgment,Kingdom Driven Entrepreneur,Leaders Eat Last,Leaders Eat Last,Leaders Made Here,Leadership 2.0,Leadership from the Inside Out,Leading Change,Leading with Noble Purpose,Leading Women,Lean In,Learn Like a Leader,Learning Leadership,Leaving Microsoft to Change the World,Looptail,Losing My Virginity,Love Leadership,Manager 3.0,Manager 3.0,Managing Right For the First Time,Model Woman,Moments of Truth,""Now, Discover Your Strengths"",The One Minute Manager,Onward: How Starbucks Fought for Its Life without Losing Its Soul,Open Leadership,Organizational Culture Change,Our Journey to Corporate Sanity,Patients Come Second,Peak,People Over Profit,Perpetual Motivation,Persuadable,Pick Up Your Own Brass,Pope Francis: Why He Leads the Way He Leads,Practice Greatness,Predictable Success,Quick Team-Building Activities for Busy Managers,Recipes for Thoughtful Leadership and Healthy Culture,Redefining Success,Retain and Gain,Rhythm,Rise of the DEO (Part II),Rise of the DEO,Sacred Cows Make the Best Burgers,Sacred Hoops,Scaling Up,Self Leadership and the One Minute Manager,Simple Habits for Complex Times,Simply Brilliant,Simply Managing,Small Giants,Social Entrepreneurship in the Age of Atrocities,Stand Out,Start at the End,Stepping Up,Strengths Based Leadership,Superbosses,Taking People With You,Talent is Never Enough,Talent Mindset,Team of Rivals,Team of Teams: New Rules of Engagement for a Complex World,The 15 Commitments of Conscious Leadership,The Advantage,The Art of Authenticity,The Art of Possibility,The Art of Possibility,The Coaching Habit,The Compass and the Nail,The Decision Maker,The Decoded Company,The Entrepreneur’s Trap,The Five Dysfunctions of a Team,The Good Struggle,The Greatness Guide: Book 2,The Greatness Guide,The Hard Thing About Hard Things,The Hidden Leader,The Innovative Team,The Leader Code,The Leader Who Had No Title,The Leadership Challenge,The Leadership Gap,The Leadership Habit,The Leadership Handbook,The Leadership Pipeline,The Leadership Playbook,The Mary Kay Way,The Mission Myth,The One Minute Manager Builds High Performing Teams,The One Minute Manager Meets the Monkey,The Optimistic Workplace,The OZ Principle,The Promise of a Pencil,The Pumpkin Plan,The Purpose Effect,The Purpose Effect,The Real-Life MBA,The Real Wealth of Nations,The small BIG,The Ultimate Question 2.0,The Virgin Way,The Wide Lens,The Wisdom of Wooden,Think Like Zuck,Together is Better,Traction,True North,Tuesday Morning Coaching,Turn the Ship Around!,Visual Leaders,Wake Up or Die,What Got You Here Won’t Get You There,What the CEO Wants You to Know,What You Really Need to Lead,When Millennials Take Over,Who: The A Method For Hiring,Who Will Cry When You Die?,Who’s Got Your Back?,Why Managing Sucks and How to Fix It,Widgets,Wired to Care,Work Rules!,Work Rules!,Your First Leadership Job","Talent is Never Enough,The Five Dysfunctions of a Team,Freakonomics,Greater Than Yourself,The Greatness Guide,Integrity,Jack: Straight from the Gut,Leaving Microsoft to Change the World,Love Leadership,""Now, Discover Your Strengths"",The One Minute Manager,Open Leadership,Perpetual Motivation,The Leader Who Had No Title,The Mary Kay Way,The Greatness Guide: Book 2,Peak,Business Stripped Bare,All I Know About Management I Learned From My Dog,Onward: How Starbucks Fought for Its Life without Losing Its Soul,The Wisdom of Wooden,Best Practices Are Stupid,Who: The A Method For Hiring,Gamestorming,Breaking the Fear Barrier,Pick Up Your Own Brass,The Advantage,Confessions of a Reformed Control Freak,Managing Right For the First Time,Human Sigma,Built to Sell,Execution,The Wide Lens,The Mission Myth,Good Strategy Bad Strategy,Losing My Virginity,Small Giants,Financial Intelligence for Entrepreneurs,Traction,Abundance,Blue Ocean Strategy,Digital Leader,Judgment,Inside Apple,Social Entrepreneurship in the Age of Atrocities,The Art of Possibility,The Art of Possibility,The Decision Maker,Getting Real,The Innovative Team,Why Managing Sucks and How to Fix It,The Pumpkin Plan,Taking People With You,Think Like Zuck,Getting Change Right,The Ultimate Question 2.0,Disney U,Creative People Must Be Stopped,Organizational Culture Change,Predictable Success,Stepping Up,""Good Boss, Bad Boss"",Becoming a Category of One,Developing the Leader Within You – Part I,Developing the Leader Within You – Part 2,The Entrepreneur’s Trap,Gung Ho!,Hannibal and Me,How the Mighty Fall,Humanize,It’s Not About the Coffee,Kingdom Driven Entrepreneur,The Real Wealth of Nations,Redefining Success,Sacred Hoops,Sacred Cows Make the Best Burgers,Who Will Cry When You Die?,Who’s Got Your Back?,A Full Cup,Lean In,Wired to Care,Flat Army,""It’s NOT All About You, It’s About the Company You Keep"",Strengths Based Leadership,Looptail,Team of Rivals,Tuesday Morning Coaching,Wake Up or Die,Hacking Leadership,Leaders Eat Last,Leaders Eat Last,Pope Francis: Why He Leads the Way He Leads,""Joy, Inc."",Leadership 2.0,The Good Struggle,""Creativity, Inc."",Hatching Twitter,The Leader Code,True North,7 Lenses,Being the Boss,The Decoded Company,The Leadership Challenge,Leadership from the Inside Out,Great CEOs and How They Are Made,Rise of the DEO,Rise of the DEO (Part II),Courage to Execute,Visual Leaders,Deep Change,Quick Team-Building Activities for Busy Managers,Self Leadership and the One Minute Manager,Learn Like a Leader,Moments of Truth,The small BIG,The Virgin Way,What Got You Here Won’t Get You There,Jony Ive: The Genius Behind Apple’s Greatest Products,The Promise of a Pencil,Rhythm,""Act Like a Leader, Think Like a Leader"",Leading Women,Invisible Influence,Chess Not Checkers,I’ve Got Your Back,The Leadership Handbook,Manager 3.0,Manager 3.0,The Hidden Leader,Widgets,Simple Habits for Complex Times,Stand Out,Talent Mindset,Chief Customer Officer 2.0,EntreLeadership,Model Woman,Your First Leadership Job,Scaling Up,Team of Teams: New Rules of Engagement for a Complex World,Bury My Heart at Conference Room B,The Real-Life MBA,What You Really Need to Lead,Extreme Ownership,Fearless Leadership,Practice Greatness,The Leadership Pipeline,The Leadership Playbook,Work Rules!,Work Rules!,Simply Managing,The Coaching Habit,The Optimistic Workplace,What the CEO Wants You to Know,When Millennials Take Over,Activate Leadership,Bad Leadership,Contagious Culture,FAST,Accountability,Becoming a Coaching Leader,Leading Change,The One Minute Manager Builds High Performing Teams,The One Minute Manager Meets the Monkey,The Purpose Effect,The Purpose Effect,The OZ Principle,Becoming the Best,Doing the Right Things Right,Employee Engagement 2.0,Learning Leadership,The Art of Authenticity,""First, Break All the Rules"",The Hard Thing About Hard Things,Innovation and Entrepreneurship,Daring & Disruptive,Patients Come Second,Persuadable,Together is Better,Bet on Me,How to Win at the Sport of Business,Elon Musk,Start at the End,Leading with Noble Purpose,Our Journey to Corporate Sanity,Retain and Gain,Fearless HR,Turn the Ship Around!,Recipes for Thoughtful Leadership and Healthy Culture,Leaders Made Here,The Leadership Habit,The 15 Commitments of Conscious Leadership,Being Human,People Over Profit,The Leadership Gap,Getting Beyond Better,Inspiring Courageous Leaders,Superbosses,Flying Solo,Ego Free Leadership,Fearless At Work,The Compass and the Nail,Simply Brilliant"
Business Book Author Interviews,,
Effective Communication,"5 Conversations,Affinity: Beyond Branding,All Marketers Are Liars,Alone Together,Annoying: The Science of What Bugs Us,Around the Corporate Campfire,B-A-M!,Back of the Napkin,Bargaining for Advantage,Boundaries,Brag!: The Art of Tooting Your Own Horn without Blowing It,Brain Rules,Brand: It Ain’t the Logo (It’s What People Think of You),Branding Yourself,Brandwashed,Brief,Captivate,Catch the Fire,Clients for Life,Communicate to Influence,Compelling People,Conscious Business,Contagious,Conversational Intelligence,Conversationally Speaking,CRM at the Speed of Light,Crucial Confrontations,Crucial Conversations,Ctrl Alt Delete,Daring Greatly,Death By Meeting,Digital Sense,Egonomics,Emote,Enchantment,""Everyone Communicates, Few Connect"",Exactly What To Say,Executive Presence,Fascinate,Fearless Facilitation,Fierce Conversations,Flipping the Switch,Focus,Get More Referrals Now,Getting a Squirrel to Focus,Getting to Yes,Got Your Attention?,Groundswell,How to Change Minds,How to Deliver a TED Talk,How to Say It,How to Talk to Anyone,How to Win Friends and Influence People in the Digital Age,Humans are Underrated,Humble Inquiry,I Love You More Than My Dog,Incognito,Influence Redefined,Influence: The Psychology of Persuasion,Instant Influence,Invisible Influence,""Jab, Jab, Jab, Right Hook"",Just Listen,Launch: How to Quickly Propel Your Business Beyond The Competition,Lead with a Story,Leading with Questions,Let’s Get Real or Let’s Not Play,Let’s Get Real or Let’s Not Play,Louder than Words,Love is the Killer App,Lovemarks,Made to Stick,Magnetic: The Art of Attracting Business,Make Facebook Work for your Business,Market Smart,Mastering Civility,Meetings Matter,Naked Conversations,Necessary Endings,Negotiation,Never Eat Alone,New Sales. Simplified,Nice Companies Finish First,No One Understands You and What to Do About It,OASIS Conversations,One Piece of Paper,One Team,Oversubscribed,Own the Room,Own Your Niche,Permission Marketing,Personality Not Included,Personality Poker,Persuasion,Pitch Anything,Pitch,Pocket Guide to Interpersonal Neurobiology,POW! Profiting from the Power of Surprise,Power Cues,Power Listening,Power of 2,Power Questions,Pre-Suasion,Presence,Priceless,Public Parts,Purple Cow,Questions that Work,Quiet,Raving Fans,Reading the Room,Reclaiming Conversation,Resonate,Running Lean,Secrets of Closing the Sale,Sell or Be Sold,Selling the Invisible,Seven Thousand Ways to Listen,Shareology,Shortcut,Show and Tell,Six Pixels of Separation,SNAP Selling,So What?,Socialnomics,SPIN Selling,Split-Second Persuasion,Stand and Deliver,Startup Life,Steal the Show,Step Into The Spotlight! A Guide To Getting Noticed,Strategic Storytelling,Super Rich,Switch,Talk Lean,Talk Like TED,Thanks for the Feedback,The 11 Laws of Likability,The 48 Laws of Power,The Age of Engage,The Art of Asking,The Art of Explanation,The Art of People,The Art of the Pitch,The Art of Thinking Clearly,The Brain Audit,The Brand Flip,The Business of Belief,The Challenger Sale,The Charisma Myth,The Closer’s Survival Guide,The Collaborative Organization,The Commitment Engine,The Dan Sullivan Question,The Digital Dollar,The Effortless Experience,The End of the Performance Review,The Fortune Cookie Principle,The Hidden Agenda,The (Honest) Truth About Dishonesty,The Impact Equation,The Impact Equation,The Invisible Gorilla,The Likeability Factor,The Loyalty Leap,The Mackay MBA of Selling in the Real World,The New Rules of Marketing and PR,The No Asshole Rule,The Power of Presence,The Presentation Secrets of Steve Jobs,The Promise Doctrine,The Pyramid Principle,The Radical Edge,The Radical Leap,The Referral Engine,The Relationship Engine,The Righteous Mind,The Rise of Theodore Roosevelt,The Schmuck in My Office,The Sense of Style,The Seven Habits of Highly Effective People – Part 2,The Social Organism,The Sociopath Next Door,The Speed of Trust,The Story Factor,The Storyteller’s Secret,The Tell,The Thank You Economy,The Tipping Point,The Trust Edge,The Trusted Advisor,The Unfair Advantage,To Sell Is Human,Too Big to Know,Top of Mind,TOUCH,Trust Agents,Truth at Work,Turning Rants Into Raves,Unleashing the Ideavirus,UnMarketing,""Wait, What?"",What Every BODY is Saying,What Lucy Taught Us,What More Can I Say?,Who Cares Wins,Whoever Tells the Best Story Wins,Why Business People Speak Like Idiots,Winning Body Language,Winning the Story Wars,Words for Readers and Writers,WorkQuake,Writing That Works,""Yes, And"",Yes!,Your First 1000 Copies","Negotiation,Unleashing the Ideavirus,All Marketers Are Liars,Back of the Napkin,B-A-M!,Influence: The Psychology of Persuasion,Egonomics,Fascinate,The Likeability Factor,Lovemarks,Made to Stick,POW! Profiting from the Power of Surprise,Raving Fans,Six Pixels of Separation,Switch,The Speed of Trust,Trust Agents,UnMarketing,I Love You More Than My Dog,Personality Poker,Power of 2,The Radical Leap,Death By Meeting,The Thank You Economy,The Tipping Point,Getting to Yes,Socialnomics,Super Rich,Annoying: The Science of What Bugs Us,Crucial Conversations,Groundswell,Let’s Get Real or Let’s Not Play,Let’s Get Real or Let’s Not Play,One Piece of Paper,Persuasion,Why Business People Speak Like Idiots,What Lucy Taught Us,Incognito,The Promise Doctrine,Necessary Endings,Brain Rules,Enchantment,The Loyalty Leap,The Charisma Myth,Brag!: The Art of Tooting Your Own Horn without Blowing It,Yes!,Quiet,Brandwashed,The Challenger Sale,Priceless,The (Honest) Truth About Dishonesty,How to Win Friends and Influence People in the Digital Age,Brand: It Ain’t the Logo (It’s What People Think of You),Crucial Confrontations,The Impact Equation,The Impact Equation,So What?,Winning the Story Wars,To Sell Is Human,Daring Greatly,The Art of Explanation,The Commitment Engine,The Hidden Agenda,Instant Influence,Leading with Questions,Affinity: Beyond Branding,Clients for Life,Own Your Niche,The Sociopath Next Door,SPIN Selling,Stand and Deliver,The Trust Edge,WorkQuake,The Brain Audit,Branding Yourself,Contagious,The Digital Dollar,Executive Presence,The Presentation Secrets of Steve Jobs,Get More Referrals Now,Ctrl Alt Delete,Fierce Conversations,The New Rules of Marketing and PR,Writing That Works,Step Into The Spotlight! A Guide To Getting Noticed,Just Listen,Love is the Killer App,The Pyramid Principle,The 11 Laws of Likability,The Referral Engine,The Age of Engage,The Business of Belief,Naked Conversations,Never Eat Alone,Purple Cow,The Seven Habits of Highly Effective People – Part 2,The Radical Edge,The Rise of Theodore Roosevelt,The Trusted Advisor,Winning Body Language,Turning Rants Into Raves,The Fortune Cookie Principle,How to Talk to Anyone,The Art of Thinking Clearly,Flipping the Switch,Split-Second Persuasion,Your First 1000 Copies,The No Asshole Rule,Too Big to Know,Market Smart,Focus,The Invisible Gorilla,Power Listening,Startup Life,""Jab, Jab, Jab, Right Hook"",Launch: How to Quickly Propel Your Business Beyond The Competition,Lead with a Story,Own the Room,Personality Not Included,The Mackay MBA of Selling in the Real World,The End of the Performance Review,Humble Inquiry,Pitch Anything,What Every BODY is Saying,Catch the Fire,The Effortless Experience,How to Say It,Power Questions,How to Change Minds,Running Lean,Bargaining for Advantage,Fearless Facilitation,Resonate,Talk Like TED,New Sales. Simplified,Nice Companies Finish First,Power Cues,Show and Tell,Boundaries,Sell or Be Sold,The Tell,The Closer’s Survival Guide,How to Deliver a TED Talk,Brief,The Collaborative Organization,SNAP Selling,The Unfair Advantage,TOUCH,CRM at the Speed of Light,Who Cares Wins,Whoever Tells the Best Story Wins,Around the Corporate Campfire,Selling the Invisible,The Art of Asking,The Story Factor,""Yes, And"",Conscious Business,Meetings Matter,The Righteous Mind,Got Your Attention?,One Team,Thanks for the Feedback,""Everyone Communicates, Few Connect"",Make Facebook Work for your Business,Pocket Guide to Interpersonal Neurobiology,The Sense of Style,Shortcut,Public Parts,Secrets of Closing the Sale,Getting a Squirrel to Focus,Seven Thousand Ways to Listen,Words for Readers and Writers,Pitch,The Art of the Pitch,What More Can I Say?,Communicate to Influence,Reading the Room,Compelling People,Reclaiming Conversation,The Brand Flip,Conversationally Speaking,Louder than Words,Oversubscribed,Talk Lean,Magnetic: The Art of Attracting Business,The Power of Presence,Presence,The Storyteller’s Secret,Shareology,No One Understands You and What to Do About It,OASIS Conversations,Steal the Show,Strategic Storytelling,Pre-Suasion,The 48 Laws of Power,Invisible Influence,The Dan Sullivan Question,Humans are Underrated,Questions that Work,5 Conversations,Conversational Intelligence,Alone Together,The Art of People,Digital Sense,Emote,Permission Marketing,Mastering Civility,The Social Organism,Captivate,The Schmuck in My Office,The Relationship Engine,Top of Mind,Truth at Work,""Wait, What?"",Influence Redefined,Exactly What To Say"
Innovative Thinking,"A More Beautiful Question,A Curious Discovery,A Beautiful Constraint,A Special Calling,101 Design Methods,A Whole New Mind,Accelerate,Adversperience,Ageless Entrepreneur,Anything You Want,""APE: Author, Publisher, Entrepreneur: How to Publish a Book"",Appvertising,Bag the Elephant,Becoming An Idea Machine,Before You Quit Your Job,Being Strategic,Better,Big Magic,""Blog, Inc."",Book Yourself Solid,Brain Disruption,Brand New World,Brand Real,Brand Thinking and Other Noble Pursuits,Building Your Business the Right-Brain Way,Business Model Generation,Business Model You,Change by Design,Change By Design,Click Millionaires,Contagious,Content Inc.,Content Rules,Creative Intelligence,Creativity,Delivering Happiness,Delivering Happiness,Design a Better Business,Design Thinking for Strategic Innovation,Die Empty,Difference,Different,Disciplined Entrepreneurship,Disrupting Class,Do Less Better,Ego is the Enemy,Fifty SEO Ideas,Finish Big,Fix: Break the Addiction that’s Killing Brands,Fooled by Randomness,Free,Freedom Is Blogging In Your Underwear,Geek Girl Rising,Get Unstuck & Get Going,Getting Everything You Can Out Of All You’ve Got,Getting More,Getting to Like,Great By Choice,Great Work,Grow,Growth Hacker Marketing,Hooked,How Music Got Free,How Not to Be Wrong,Hunch,Inbound Marketing,InGenius,Insight Selling,Inspiring Entrepreneurs,Intertwingled,Invisible Influence,Jump Start Your Business Brain,Leading from the Emerging Future,Leapfrogging,Life Is What You Make It,Liminal Thinking,Linchpin,Marketing Above the Noise,Meaningful Work,Meditations,Million Dollar Coaching,Mission in a Bottle,My Blog Traffic Sucks,NeuroTribes,Not Invented Here,One Minute Millionaire,Outthink the Competition,Performance Partnerships,Planet Google,Platform,Poke the Box,Positioning,Psycho-Cybernetics,Real Blog Money,Reframe,Reverse Innovation,Rework,Sales Management. Simplified.,Screw Business As Usual,Service Design for Business,Shock of Gray,Show Your Work,Smartcuts,Startup Your Life,Steal Like An Artist,Stoking Your Innovation Bonfire,Super Mario: How Nintendo Conquered America,That Used to Be Us,The $100 Startup,The 22 Immutable Laws of Marketing,The 5 Elements of Effective Thinking,The Accidental Creative,The Achievement Habit,The Adventures of Johnny Bunko,The Angel Inside,The Anti-Resume Revolution,The Art of Being Unmistakable,The Art of Innovation,The Art of the Start,The Automatic Customer,The Big Shift,The Business of Good,The Conquer Kit,The Decision Book,The Design of Business,The Design of Everyday Things,The Dream,The Education of Millionaires,The Element,The Everything Store: Jeff Bezos and the Age of Amazon,The Farm on the Roof,The Fire Starter Sessions,The Five-Minute Coach,The Four Lenses of Innovation,The Four Steps to the Epiphany,The Go-Giver,The Impulse Society,The Inner Game of Tennis,The Innovator’s Dilemma,The Innovator’s Dilemma,The Innovator’s DNA,The Invisible Advantage,The Knack,The Last Lecture,The Lean Startup,The Lexus and the Olive Tree,The Light and Fast Organisation,The Little Black Book of Innovation,The Long Tail,The Martha Rules,The Membership Economy,The Mesh,The Myths of Creativity,The Net and the Butterfly,The New How,The New Kingmakers,The Nonprofit Strategy Revolution,The Opposable Mind,The Path,The Pinball Effect,The Power of Fifty Bits,The Power of Moments,The Power of Starting Something Stupid,The Power of Your Subconscious Mind,The Profit Zone,The Purpose Economy,The Responsible Company,The Rhythm of Life – Part 2,The Silo Effect,The Subtle Art of Not Giving a F*ck,The Suitcase Entrepreneur,The Ten Faces of Innovation,The Three-Box Solution,The Ultimate Blueprint for an Insanely Successful Business,The Ways to New,Things a Little Bird Told Me,Think Better,Think Big and Kick Ass,Think Wrong,Thinking for a Change,Tilt,To Engineer is Human,Tribes,Trust Funnel,Twelve Pillars,Value Proposition Design,Visioning,What Great Brands Do,What Great Trainers Do,What I Wish I Knew When I Was 20,What the Dog Saw,Whiplash,Why Make Eagles Swim?,Winning with Data,Without Their Permission,Without Their Permission,Work the System,You Are a Circle,You Are What You Choose,You Don’t Want A Job,Zero-Time Selling,Zero to One,Zombie Loyalists","A Whole New Mind,Better,Brand New World,The Adventures of Johnny Bunko,Delivering Happiness,Delivering Happiness,The Last Lecture,One Minute Millionaire,The Rhythm of Life – Part 2,The Anti-Resume Revolution,The Element,The New How,Think Big and Kick Ass,Thinking for a Change,Twelve Pillars,Change By Design,Change by Design,What I Wish I Knew When I Was 20,The Art of the Start,A Special Calling,Shock of Gray,Poke the Box,The Mesh,The Martha Rules,The Art of Innovation,Stoking Your Innovation Bonfire,Great By Choice,The Knack,The Pinball Effect,Rework,Super Mario: How Nintendo Conquered America,Screw Business As Usual,Work the System,The Dream,The Lean Startup,Brand Real,Business Model You,Freedom Is Blogging In Your Underwear,Getting Everything You Can Out Of All You’ve Got,InGenius,You Don’t Want A Job,The $100 Startup,""Blog, Inc."",The Accidental Creative,The Education of Millionaires,Anything You Want,The Fire Starter Sessions,101 Design Methods,Contagious,Bag the Elephant,Disrupting Class,Different,Leapfrogging,The Power of Starting Something Stupid,Before You Quit Your Job,The Design of Business,Free,The Innovator’s DNA,Inspiring Entrepreneurs,Linchpin,Planet Google,The Angel Inside,The Long Tail,The Opposable Mind,Tribes,Fifty SEO Ideas,The Innovator’s Dilemma,The Innovator’s Dilemma,A Curious Discovery,The Suitcase Entrepreneur,Creative Intelligence,The Everything Store: Jeff Bezos and the Age of Amazon,The Little Black Book of Innovation,The Myths of Creativity,The Profit Zone,My Blog Traffic Sucks,Book Yourself Solid,Die Empty,Disciplined Entrepreneurship,Great Work,Million Dollar Coaching,Tilt,Without Their Permission,Without Their Permission,""APE: Author, Publisher, Entrepreneur: How to Publish a Book"",Content Rules,The Art of Being Unmistakable,You Are What You Choose,Zero-Time Selling,Real Blog Money,The Responsible Company,Brand Thinking and Other Noble Pursuits,Mission in a Bottle,Show Your Work,Difference,Grow,Insight Selling,Steal Like An Artist,The Nonprofit Strategy Revolution,Adversperience,Get Unstuck & Get Going,Things a Little Bird Told Me,What Great Brands Do,Accelerate,Building Your Business the Right-Brain Way,A More Beautiful Question,Finish Big,Getting More,Hooked,Smartcuts,Click Millionaires,The Purpose Economy,What the Dog Saw,Reverse Innovation,That Used to Be Us,The Automatic Customer,Think Better,Platform,The Lexus and the Olive Tree,The Ultimate Blueprint for an Insanely Successful Business,Zombie Loyalists,Do Less Better,Marketing Above the Noise,The Impulse Society,Trust Funnel,Fix: Break the Addiction that’s Killing Brands,The Four Lenses of Innovation,Growth Hacker Marketing,Becoming An Idea Machine,Jump Start Your Business Brain,The New Kingmakers,Zero to One,Fooled by Randomness,Leading from the Emerging Future,Inbound Marketing,A Beautiful Constraint,Ageless Entrepreneur,Design Thinking for Strategic Innovation,The Four Steps to the Epiphany,Sales Management. Simplified.,To Engineer is Human,Content Inc.,The Silo Effect,The Ten Faces of Innovation,Value Proposition Design,What Great Trainers Do,The Achievement Habit,Big Magic,Appvertising,The Five-Minute Coach,How Not to Be Wrong,The Membership Economy,Positioning,The Big Shift,The Conquer Kit,The Farm on the Roof,Brain Disruption,Getting to Like,Meditations,The Ways to New,Business Model Generation,The Light and Fast Organisation,The Three-Box Solution,Liminal Thinking,The Power of Fifty Bits,The Go-Giver,The Design of Everyday Things,Ego is the Enemy,Intertwingled,The Power of Your Subconscious Mind,Creativity,You Are a Circle,The 5 Elements of Effective Thinking,The Business of Good,Design a Better Business,Invisible Influence,How Music Got Free,The Inner Game of Tennis,The Subtle Art of Not Giving a F*ck,Winning with Data,The Path,Visioning,Life Is What You Make It,Not Invented Here,Psycho-Cybernetics,Service Design for Business,Whiplash,Why Make Eagles Swim?,The 22 Immutable Laws of Marketing,NeuroTribes,Hunch,Reframe,The Decision Book,Performance Partnerships,The Invisible Advantage,Geek Girl Rising,Outthink the Competition,The Net and the Butterfly,Think Wrong,The Power of Moments,Being Strategic,Startup Your Life,Meaningful Work"
Meet Our Actionable Team,,
Role and Culture Fit,"5 Minds for the Future,""20,000 Days and Counting"",An Everyone Culture,Book Writing Mistakes,Career Renegade,Everybody Matters,Fanatical Prospecting,Finding Your Element,Flawless Consulting,Leverage,Light a Fire under Your Business,New Passages,Orbiting the Giant Hairball,Promote Yourself,Quick and Nimble,Selling with Noble Purpose,Sense and Respond,The Big Leap,The Business of Wanting More,The Charge,The Cubs Way,The Culture Code,The Culture Engine,The Heart of Coaching,The Icarus Deception,The Monk and the Riddle,The XYZ Factor,We Are All Weird,Women on Board,Wonder Women,Working For You Isn’t Working For Me","The Culture Code,We Are All Weird,The Charge,""20,000 Days and Counting"",The Icarus Deception,The Business of Wanting More,Career Renegade,New Passages,The Monk and the Riddle,Finding Your Element,5 Minds for the Future,The Big Leap,Leverage,Promote Yourself,Wonder Women,Quick and Nimble,Selling with Noble Purpose,Working For You Isn’t Working For Me,Flawless Consulting,The Culture Engine,Book Writing Mistakes,Orbiting the Giant Hairball,The XYZ Factor,Women on Board,The Heart of Coaching,Fanatical Prospecting,An Everyone Culture,Everybody Matters,Light a Fire under Your Business,Sense and Respond,The Cubs Way"
Salaried Entrepreneur,,
Self Management,"13 Things Mentally Strong People Don’t Do,A Million Miles in a Thousand Years,10% Happier,18 Minutes,The 15 Invaluable Laws of Growth,A Complaint Free World,3 Seconds,168 Hours,A Curious Mind,Action!,Adapt,All Dreams on Deck,All In,Are You Fully Charged?,Barking Up the Wrong Tree,Be Excellent At Anything,Be Excellent At Anything,Be Obsessed or Be Average,Be The Best At What Matters Most,Before Happiness,Benjamin Franklin: The Autobiography,Better than Before,Better than Before,Black Box Thinking,Body of Work,Born for This,Born for This,BrainShift,Breakthrough!,Business Brilliant,Change Anything,""Change Your Questions, Change Your Life"",Choose Yourself,Coach Wooden One-on-One,Coach Wooden’s Pyramid of Success,Coherence,Conspiracy of the Rich,COURAGE: Igniting Self-Confidence,CrazyBusy,Create Your Dream Job,Creative Confidence,Creative Confidence,Creative Strategy: A Guide for Innovation,Crush It,""Darling, You Can’t Do Both"",David and Goliath,Decide,Decisive,Deep Work,Degrees of Strength,Do More Great Work,Do Over,Do the Work,Doing Good Better,Don’t Forget Your Cape,Double Double,Driven to Distraction at Work,Drop the Ball,E-Squared,Eat Move Sleep,Eat Move Sleep,EDGY Conversations,Emotional Agility,Emotional Equations,Emotional Intelligence 2.0,Every Day Is Game Day,Extreme Productivity,Extreme You,Fail Better,Finding Flow,Finish,First Things First,Flight Plan,Flourish,Focus,Focus,Focusing,Four Seconds,Gas Money,Get Off Your “But”,Getting Things Done,Getting to Yes with Yourself,#GIRLBOSS,Glad No Matter What,Good People,Good to Great,GRASP The Solution,Grit,Grow a Pair,Happier,Happier,High Performance Habits,How Full Is Your Bucket?,How Successful People Think,How the World Sees You,How to Be Everything,How to Fail at Almost Everything and Still Win Big,How to Fly a Horse,How to Have a Good Day,How To Have A Good Life,How to Live Dangerously,How to Succeed in 12 Months,How to Succeed in Anything by Really Trying,How We Decide,How Will You Measure Your Life?,How You Learn is How You Live,HOW,Hustle,I Know How She Does It,I Shouldn’t Be Telling You This,""If You’re Not First, You’re Last"",In Praise of Slowness,Intentional Living,Intrinsic Motivation at Work,Invaluable,Jonathan Livingston Seagull,Joy on Demand,Jump Ship,Keep ANY Promise,Knowing Your Value,L’art de la Simplicité: How to Live More with Less,Leadership and Self-Deception,Leading the Life You Want,Learned Optimism,Learned Optimism,""Less Doing, More Living"",Liars and Outliers,Life Sinks or Soars,Like a Virgin,Listful Thinking,Little Bets,Living Forward,Living In Your Top 1%,Living the 80/20 Way,Love Warrior,Low-Hanging Fruit,Mad Genius: A Manifesto for Entrepreneurs,Make It Happen,Make it Stick,Make it Stick,Make Your Idea Matter,""Making Habits, Breaking Habits"",Making Ideas Happen,Making it All Work – Part 1,Making it All Work,Manage Your Day-To-Day,Managing Oneself,Man’s Search for Meaning,Margin,Mastery,Maximize Your Potential,Meditations,Messy,Millionaire Teacher,Mind Gym,Mindset: The New Psychology of Success,Mindware,Mistakes I Made at Work,Monday Morning Choices,Moonwalking with Einstein,Moving the Needle,""Naked, Drunk and Writing"",""Nothing to Lose, Everything to Gain"",Nudge,Off Balance,One Big Thing,One Question,Option B,Originals,Outwitting the Devil,Overwhelmed,Packing Light,Peace Is Every Breath,Peak,Peak,Pebbles of Perception,Penguins Can’t Fly: +39 Other Rules that Don’t Exist,Perfectly Yourself: 9 Lessons for Enduring Happiness,Personal Development for Smart People,Personal Development for Smart People,PIVOT,Play,Playing Big,Positive Intelligence,Practice Perfect,Predictably Irrational,Presence,Present Shock,Primary Greatness,Procrastinate on Purpose,Quiet,Quitter,Read This Before Our Next Meeting,Reconciliation: Healing the Inner Child,Refire! Don’t Retire,Refuse to Choose!,Reinventing You,Relentless,Resilience from the Heart,""Rich Dad, Poor Dad"",Risk Savvy,Risky is the New Safe,Rules for a Knight,Scarcity,Search Inside Yourself,Secrets of Six-Figure Women,Secrets of the Millionaire Mind,See You At The Top,Self-Reliance,Shoe Dog,Side Hustle,Simple is the New Smart,Simple Rules,""Small Move, Big Change"",Smart Thinking,Smarter Faster Better,Smarter Faster Better,So Good They Can’t Ignore You,Sometimes You Win—Sometimes You Learn,Start,Still Writing,Stretch,Stretch,Stumbling on Happiness,Stupid on Purpose,Subliminal,Succeed: How We Can Reach Our Goals,Success Built to Last,Success on Your Own Terms,Superforecasting,""Surely You’re Joking, Mr. Feynman!"",Swim with the Sharks Without Being Eaten Alive,Take the Stairs,Talent Is Overrated,Taming Your Gremlin,Tears to Triumph,The 1% Principle,The 10X Rule,The 4-Hour Workweek,The 4-Hour Workweek,The 5 AM Club,The 5 Lessons a Millionaire Taught Me,The 8 Pillars of Motivation,The Age of Unreason,The Art of Being Unmistakable,The Art of Choosing,The Art of Doing,The Art of Learning,The Art of Non-Conformity,The Art of Non-Conformity,The Art of Significance,The Art of Work,The Art of Worldly Wisdom,The As If Principle,The Automatic Millionaire,The Behavior Breakthrough,The Brain That Changes Itself,The Business of Kindness,The Business of the 21st Century,The Carpenter,The Checklist Manifesto,The Checklist Manifesto,The Click Moment,The Code of the Extraordinary Mind,The Compound Effect,The Confidence Code,The Confidence Code,The Creative Habit,The Daily Edge,The Dream Manager,The E-Myth Revisited,The Effective Executive,The End of Average,The Eventual Millionaire,The First 20 Hours,The Five Choices,The Five Dharma Types,The Five Levels of Attachment,The Four Agreements,The 4 Disciplines of Execution,The Four Purposes of Life,The Four Tendencies,The Fringe Hours,The Future of Happiness,The Gifts of Imperfection,The Gifts of Imperfection,The Halo Effect,The Happiness Advantage,The Happiness Equation,The Happiness of Pursuit,The Happiness Project,The Happiness Project,The Happiness Track,The Hard Hat,The Law of Divine Compensation,The Law of Success,The Laws of Subtraction,The Little Book of Talent,The Luck Factor,The Magic of Thinking Big,The Marshmallow Test,The Medici Effect,The Millionaire Next Door,The Mindset of Success,The Miracle Morning for Salespeople,The Miracle Morning,The Moment of Clarity,The Monk Who Sold His Ferrari,The Motivation Manifesto,The Myth of Multitasking,The No Complaining Rule,The Now Habit,The Obstacle Is the Way,The ONE Thing,The ONE Thing,The Organized Mind,The Other 8 Hours,The Other Kind of Smart,The Paradox of Choice,The Perfectionist’s Handbook,The Personal Efficiency Program,The Plateau Effect,The Politics of Promotion,The Pomodoro Technique Illustrated,The Power of Broke,The Power of Focus,The Power of Full Engagement,The Power of Habit,The Power of Habit,The Power of Less,The Power of No,The Power of Onlyness,The Practicing Mind,The Procrastination Equation,The Productivity Project,The Progress Principle,The Rational Animal,The Rhythm of Life – Part 1,The Rise of Superman,The Road to Character,The School of Greatness,The School of Greatness,The Shadow Effect,The Shallows,The Slight Edge,The Slight Edge,The Slow Fix,The Spark and the Grind,The Spirit of Kaizen,The Spontaneous Healing of Belief,The Success Principles,The Systems Mindset,The Tao of Pooh,The Ten Commitments,The Thriver’s Edge,The Tools,The Truth About Trust,The Ultimate Introduction to NLP,The Un-Game,The Upside of Irrationality,The Upside of Your Dark Side,The War of Art,The Way of the Champion,The Wealthy Barber Returns,The Weekend Effect,The Willpower Instinct,The Woman Who Changed Her Brain,Think & Grow Rich,Think Like a Freak,Think or Sink,Think Twice,""Thinking, Fast and Slow"",Thou Shall Prosper,Thrive: Finding Happiness the Blue Zones Way,Thrive,Time Power,Today I Begin a New Life,Top Dog,Train Your Brain,Trajectory,Triggers,Triggers,Turning Pro,Under New Management,Unprocessed,Unthink,Visioneering,What To Do When It’s Your Turn (And It’s Always Your Turn),What To Say When You Talk To Your Self,What to Say When You Talk to Yourself,What You Aren’t Seeing,When the Heart Waits,When,Where Good Ideas Come From,Will it Fly?,Willpower,Willpower,Work PAUSE Thrive,You Are a Badass at Making Money,You Are a Badass,You Are a Brand,You Are the Placebo,""You Have the Keys, Now Drive"",Your Best Just Got Better,Your Brain at Work,Your Brain at Work,Your Life is Now!,Zen to Done,Zentrepreneur","The 5 Lessons a Millionaire Taught Me,The Automatic Millionaire,Getting Things Done,How to Succeed in Anything by Really Trying,The Millionaire Next Door,The Monk Who Sold His Ferrari,The Myth of Multitasking,Perfectly Yourself: 9 Lessons for Enduring Happiness,The Power of Less,The Rhythm of Life – Part 1,""Rich Dad, Poor Dad"",See You At The Top,The 4-Hour Workweek,The 4-Hour Workweek,Think & Grow Rich,Time Power,The Tao of Pooh,The Art of Choosing,Focus,The Upside of Irrationality,Predictably Irrational,Making Ideas Happen,Invaluable,Finding Flow,Double Double,Life Sinks or Soars,""Nothing to Lose, Everything to Gain"",Be Excellent At Anything,Be Excellent At Anything,The Happiness Project,The Happiness Project,Off Balance,The Art of Non-Conformity,The Art of Non-Conformity,The Luck Factor,Thrive: Finding Happiness the Blue Zones Way,How We Decide,Emotional Equations,BrainShift,The War of Art,The Power of Full Engagement,The Compound Effect,Do More Great Work,Liars and Outliers,How Will You Measure Your Life?,""Thinking, Fast and Slow"",Living In Your Top 1%,The Power of Habit,The Power of Habit,Your Best Just Got Better,Your Brain at Work,Your Brain at Work,The Woman Who Changed Her Brain,One Big Thing,Quiet,The Shadow Effect,Turning Pro,3 Seconds,GRASP The Solution,Willpower,Willpower,Personal Development for Smart People,Personal Development for Smart People,The Progress Principle,The Way of the Champion,Breakthrough!,HOW,Make Your Idea Matter,Do the Work,The Miracle Morning,Change Anything,The Gifts of Imperfection,The Gifts of Imperfection,The 15 Invaluable Laws of Growth,The Laws of Subtraction,Leadership and Self-Deception,Mastery,The Medici Effect,The Power of Focus,I Shouldn’t Be Telling You This,Talent Is Overrated,Where Good Ideas Come From,The 8 Pillars of Motivation,18 Minutes,The Checklist Manifesto,The Checklist Manifesto,Moonwalking with Einstein,Flight Plan,Happier,Happier,Practice Perfect,The Procrastination Equation,Smart Thinking,The Law of Success,The Art of Worldly Wisdom,CrazyBusy,Creative Strategy: A Guide for Innovation,The 4 Disciplines of Execution,Learned Optimism,Learned Optimism,Like a Virgin,Mindset: The New Psychology of Success,Monday Morning Choices,Success Built to Last,168 Hours,The As If Principle,Focusing,How Successful People Think,The Little Book of Talent,Peace Is Every Breath,Play,The Practicing Mind,Subliminal,Decisive,The Slow Fix,Start,Thou Shall Prosper,The 10X Rule,The Art of Significance,Refuse to Choose!,Outwitting the Devil,Be The Best At What Matters Most,Benjamin Franklin: The Autobiography,Conspiracy of the Rich,Crush It,Extreme Productivity,Good to Great,Little Bets,Making it All Work,Making it All Work – Part 1,The Pomodoro Technique Illustrated,Read This Before Our Next Meeting,Secrets of the Millionaire Mind,The Dream Manager,The Four Agreements,Think or Sink,Degrees of Strength,Action!,The Spontaneous Healing of Belief,The Brain That Changes Itself,The First 20 Hours,The Five Levels of Attachment,The Happiness Advantage,Manage Your Day-To-Day,Quitter,Top Dog,The Wealthy Barber Returns,The Halo Effect,Self-Reliance,Take the Stairs,Unthink,Creative Confidence,Creative Confidence,David and Goliath,The Law of Divine Compensation,The Now Habit,One Question,Keep ANY Promise,The Un-Game,Eat Move Sleep,Eat Move Sleep,Focus,How to Fail at Almost Everything and Still Win Big,Margin,The ONE Thing,The ONE Thing,The Plateau Effect,Train Your Brain,All In,The Perfectionist’s Handbook,Sometimes You Win—Sometimes You Learn,The Tools,The Art of Being Unmistakable,Coach Wooden One-on-One,The Art of Doing,Body of Work,Coherence,The E-Myth Revisited,The Eventual Millionaire,Reconciliation: Healing the Inner Child,What To Say When You Talk To Your Self,What to Say When You Talk to Yourself,How to Live Dangerously,E-Squared,Grow a Pair,Still Writing,Zen to Done,Zentrepreneur,The Click Moment,The Creative Habit,The Success Principles,The Shallows,The Confidence Code,The Confidence Code,The Moment of Clarity,The Spirit of Kaizen,When the Heart Waits,Don’t Forget Your Cape,""If You’re Not First, You’re Last"",Millionaire Teacher,Mistakes I Made at Work,The No Complaining Rule,The Slight Edge,The Slight Edge,The Behavior Breakthrough,#GIRLBOSS,""Less Doing, More Living"",""Surely You’re Joking, Mr. Feynman!"",The Carpenter,Think Like a Freak,Before Happiness,Business Brilliant,A Complaint Free World,How the World Sees You,In Praise of Slowness,Overwhelmed,""Darling, You Can’t Do Both"",How Full Is Your Bucket?,Jonathan Livingston Seagull,Packing Light,Present Shock,Search Inside Yourself,Taming Your Gremlin,Thrive,EDGY Conversations,""Making Habits, Breaking Habits"",Positive Intelligence,The Happiness of Pursuit,Every Day Is Game Day,Nudge,Maximize Your Potential,The Power of No,Risky is the New Safe,Succeed: How We Can Reach Our Goals,The Other Kind of Smart,The Truth About Trust,13 Things Mentally Strong People Don’t Do,Choose Yourself,Flourish,Leading the Life You Want,Listful Thinking,Make It Happen,The Motivation Manifesto,Scarcity,What To Do When It’s Your Turn (And It’s Always Your Turn),The Age of Unreason,Driven to Distraction at Work,How to Fly a Horse,Man’s Search for Meaning,Procrastinate on Purpose,The Willpower Instinct,You Are the Placebo,Fail Better,The Five Dharma Types,Risk Savvy,The Five Choices,Today I Begin a New Life,Playing Big,The Rational Animal,Swim with the Sharks Without Being Eaten Alive,The Art of Work,The Paradox of Choice,COURAGE: Igniting Self-Confidence,Refire! Don’t Retire,Relentless,Are You Fully Charged?,Do Over,Gas Money,Knowing Your Value,Penguins Can’t Fly: +39 Other Rules that Don’t Exist,The Fringe Hours,The Hard Hat,The Obstacle Is the Way,The Ten Commitments,A Curious Mind,Better than Before,Better than Before,The Politics of Promotion,The Road to Character,The Mindset of Success,The Daily Edge,Triggers,Triggers,Visioneering,What You Aren’t Seeing,The 1% Principle,Decide,I Know How She Does It,Mindware,The Organized Mind,Unprocessed,Intentional Living,Low-Hanging Fruit,Reinventing You,Think Twice,The Upside of Your Dark Side,""You Have the Keys, Now Drive"",The Effective Executive,Four Seconds,Managing Oneself,The School of Greatness,The School of Greatness,10% Happier,Make it Stick,Make it Stick,Mind Gym,""Small Move, Big Change"",Your Life is Now!,Adapt,""Change Your Questions, Change Your Life"",The Other 8 Hours,The Thriver’s Edge,Emotional Intelligence 2.0,The Personal Efficiency Program,Coach Wooden’s Pyramid of Success,The Art of Learning,The End of Average,The Happiness Track,Under New Management,Mad Genius: A Manifesto for Entrepreneurs,Pebbles of Perception,The Productivity Project,Smarter Faster Better,Smarter Faster Better,Living Forward,Presence,So Good They Can’t Ignore You,Superforecasting,Living the 80/20 Way,The Four Purposes of Life,Grit,The Happiness Equation,The Marshmallow Test,Originals,Simple Rules,The Ultimate Introduction to NLP,Born for This,Born for This,Get Off Your “But”,Meditations,The Miracle Morning for Salespeople,Shoe Dog,Stupid on Purpose,The Code of the Extraordinary Mind,Moving the Needle,PIVOT,Primary Greatness,Secrets of Six-Figure Women,Simple is the New Smart,Stumbling on Happiness,You Are a Badass,Doing Good Better,Glad No Matter What,The Power of Broke,Stretch,Tears to Triumph,Will it Fly?,You Are a Brand,Deep Work,First Things First,Jump Ship,Peak,Success on Your Own Terms,Create Your Dream Job,Hustle,Rules for a Knight,The Systems Mindset,Intrinsic Motivation at Work,The Business of Kindness,Messy,Resilience from the Heart,The Business of the 21st Century,Trajectory,The 5 AM Club,How to Have a Good Day,How to Succeed in 12 Months,Be Obsessed or Be Average,L’art de la Simplicité: How to Live More with Less,""Naked, Drunk and Writing"",The Rise of Superman,You Are a Badass at Making Money,Barking Up the Wrong Tree,Option B,How You Learn is How You Live,Peak,The Weekend Effect,Good People,Joy on Demand,How to Be Everything,The Power of Onlyness,The Future of Happiness,The Spark and the Grind,Black Box Thinking,Extreme You,Love Warrior,The Magic of Thinking Big,Work PAUSE Thrive,A Million Miles in a Thousand Years,All Dreams on Deck,Emotional Agility,Finish,Getting to Yes with Yourself,High Performance Habits,Stretch,Drop the Ball,Side Hustle,How To Have A Good Life,When,The Four Tendencies"
Team Optimization,"10-10-10,A Guide to the Good Life,Above All Else,All In,Brick By Brick,Building a StoryBrand,Built to Last,Certain to Win,""Change the Culture, Change the Game"",Collective Genius,ConnectAbility,Crush It,Disciplined Dreaming,Drive,Driven,Essentialism,Everybody Matters,Evil Plans,Feminist Fight Club,Fixing the Game,Getting Naked,Give and Take,Go for No,Hacking Marketing,Happy Money: The Science of Smarter Spending,How Google Works,I-Engage,Ignore Everybody,Imagine,Likeonomics,MAGIC: Five Keys to Unlock the Power of Employee Engagement,Making Yourself Indispensable,Mindfire,Money: A Love Story,No Problem,One Red Lipstick,Outliers,Outsource or Else!,Peaks and Valleys,Personality at Work,Predictable Results in Unpredictable Times,Predictable Revenue,Predictable Revenue,Primed to Perform,Psyched Up,""Ready, Fire, Aim"",Reinventing Organizations,Rules of Engagement,Scrum,Selling the Wheel,The Seven Habits of Highly Effective People – Part 1,Shoe Dog,Smart Trust,Sprint,StandOut,Start With WHY,Strategic Intuition,Team Genius,The 2020 Workplace,The Best Place to Work,The Connected Company,The Courageous Follower,The Dip,The Engagement Equation,The Hard Hat,The Ideal Team Player,The New Game Changers,The Orange Revolution,The Outward Mindset,The Personal MBA,The Power of Unpopular,The Rare Find,The Right Kind of Crazy,The Start-up of You,The Talent Code,The Warren Buffett Way,The Whole Brain Business Book,This Year I Will,Today We Are Rich,Transformation,Tribal Leadership,Uncertainty,Understanding Organizations,Victory Through Organization,Wait: The Art and Science of Delay,What Got You Here Won’t Get You There in Sales,What Millennials Want from Work,Who Moved My Cheese,Why We Work,Working Together","Rules of Engagement,10-10-10,Outliers,Start With WHY,Who Moved My Cheese,Working Together,Driven,Today We Are Rich,Getting Naked,Fixing the Game,Built to Last,Uncertainty,The Personal MBA,The Rare Find,The Start-up of You,Imagine,StandOut,Likeonomics,""Ready, Fire, Aim"",Go for No,Smart Trust,Tribal Leadership,The Connected Company,Selling the Wheel,All In,Disciplined Dreaming,Strategic Intuition,ConnectAbility,Evil Plans,A Guide to the Good Life,Making Yourself Indispensable,Mindfire,The Power of Unpopular,The Talent Code,This Year I Will,What Got You Here Won’t Get You There in Sales,Certain to Win,Give and Take,Wait: The Art and Science of Delay,Happy Money: The Science of Smarter Spending,Above All Else,The Courageous Follower,Crush It,Drive,No Problem,The Seven Habits of Highly Effective People – Part 1,The Dip,The Warren Buffett Way,Predictable Revenue,Predictable Revenue,The Orange Revolution,Collective Genius,Money: A Love Story,Ignore Everybody,Peaks and Valleys,MAGIC: Five Keys to Unlock the Power of Employee Engagement,Essentialism,How Google Works,The Hard Hat,The Best Place to Work,Transformation,Understanding Organizations,The Whole Brain Business Book,The 2020 Workplace,One Red Lipstick,What Millennials Want from Work,The Ideal Team Player,Everybody Matters,The Right Kind of Crazy,Shoe Dog,Sprint,The Engagement Equation,Scrum,Feminist Fight Club,Reinventing Organizations,Team Genius,""Change the Culture, Change the Game"",The New Game Changers,Hacking Marketing,Predictable Results in Unpredictable Times,Why We Work,Primed to Perform,Outsource or Else!,Personality at Work,Psyched Up,The Outward Mindset,Victory Through Organization,Brick By Brick,Building a StoryBrand,I-Engage"